"Aaron","Abel","Abraham","Adam","Addison","Adrian","Alan","Albert","Alden","Alec","Alex","Alexander","Alexis","Alf","Alfie","Alfred","Allan","Allen","Aloysius","Alpha","Alvin","Anderson","Andrew","Angel","Angus","Ansel","Anson","Anthony","Antony","Archibald","Archie","Arden","Aric","Ariel","Arlen","Arnold","Arron","Arthur","Arvel","Asher","Ashley","Ashton","Audley","August","Austin","Bailey","Baldwin","Barney","Barrett","Barry","Bart","Bartholomew","Basil","Baxter","Beau","Ben","Benedict","Benjamin","Bennett","Benson","Bentley","Benton","Bernard","Berry","Bertram","Bertrand","Beverly","Bill","Billy","Bishop","Blaine","Blair","Blake","Bob","Bobby","Booker","Boyce","Brad","Braden","Bradford","Bradley","Brady","Bram","Branden","Brandon","Brandt","Brannon","Brant","Braxton","Brendan","Brenden","Brendon","Brennan","Brent","Brenton","Bret","Brett","Brian","Brice","Britton","Brock","Brody","Brook","Brooks","Bruce","Bryan","Bryant","Bryce","Bryon","Bryson","Buck","Bud","Burke","Burt","Burton","Buster","Byron","Cade","Cal","Cale","Caleb","Callahan","Calvin","Cam","Cameron","Carl","Carlisle","Carlton","Carlyle","Carol","Carson","Carter","Casey","Cash","Casimir","Cass","Cassius","Cecil","Cedric","Celeste","Chad","Chadwick","Chance","Chandler","Charles","Charley","Charlie","Charlton","Chas","Chase","Chauncey","Chaz","Chesley","Chester","Chet","Chip","Chris","Christian","Cristopher","Chuck","Clair","Clarence","Clark","Claud","Claude","Clay","Clayton","Clement","Cleveland","Clifford","Clifton","Clinton","Clive","Clyde","Coby","Cody","Colbert","Colby","Cole","Coleman","Colin","Conor","Conrad","Conway","Cooper","Corbin","Cordell","Corey","Cornelius","Cornell","Cosmo","Courtney","Craig","Crawford","Cullen","Curtis","Cyril","Cyrus","Dallas","Dalton","Damian","Damon","Dan","Daniel","Darby","Darcy","Darel","Daren","Darian","Darin","Darius","Darrell","Darryl","Darwin","Dave","David","Davin","Davis","Dawson","Dax","Daton","Dean","Deforest","Delbert","Del","Delmar","Den","Denis","Denton","Denver","Denzil","Deon","Derek","Derrek","Des","Desmond","Devin","Devon","Dewayne","Dick","Dillon","Dion","Dirk","Dixon","Dolph","Dominic","Dorian","Doug","Douglas","Drake","Dre","Drew","Duane","Dudley","Duke","Duncan","Dustin","Dwane","Dwight","Dylan","Ernest","Eben","Ed","Edgar","Edison","Edmund","Edward","Edwin","Eldon","Edred","Elias","Elijah","Eliot","Ellery","Eliott","Elis","Elmer","Elroy","Elton","Elvin","Elvis","Elwin","Elwood","Emerson","Emery","Emil","Emmanuel","Emmett","Emory","Eric","Erick","Ernest","Ernie","Ethan","Ethelbert","Eugene","Eustace","Evan","Evander","Everet","Ewart","Ezekiel","Ezra","Farell","Felix","Fenton","Ferdinand","Fletcher","Floyd","Ford","Forest","Foster","Francis","Frank","Franklyn","Fred","Frederick","Freeman","Fulton","Gabby","Gabe","Gabriel","Gale","Galen","Gareth","Garey","Garfield","Garland","Garnet","Garret","Garry","Garth","Gavin","Gay","Gaylord","Gene","Geoff","Geoffrey","Geordie","George","Georgie","Gerald","Gerard","German","Gerry","Gib","Gideon","Gilbert","Giles","Glen","Godfrey","Gord","Gordon","Gordey","Gradt","Graham","Grant","Granville","Gray","Greg","Gregory","Griffin","Grover","Gus","Guy","Hal","Hale","Hamilton","Hank","Harding","Hardy","Harlan","Harland","Harley","Harmon","Harold","Harper","Harris","Harrison","Harry","Hartley","Harve","Harvey","Haven","Hayden","Haywood","Hector","Henry","Herb","Herbert","Herman","Hervey","Hilary","Hildred","Hillary","Hiram","Hollis","Homer","Horace","Horatio","Howard","Hoyt","Hubert","Hudson","Huey","Hugh","Hugo","Humphrey","Hunter","Iggy","Ike","Indiana","Ingram","Ira","Irvin","Irving","Irwin","Isaac","Isaiah","Isiah","Ivan","Ivor","Izzy","Jackson","Jacob","Jake","James","Jamey","Jamie","Jamison","Jared","Jarod","Jarvis","Jason","Jasper","Jay","Jayson","Jeb","Jed","Jeff","Jefferson","Jeffery","Jerald","Jere","Jeremiah","Jeremy","Jerold","Jerrod","Jerry","Jess","Jewel","Jim","Jimmy","Joe","Joel","Joey","John","Jon","Jonathan","Jordan","Josh","Joshua","Josiah","Joss","Joyce","Judd","Jude","Julian","Julius","Junior","Justin","Justy","Keegan","Keith","Kelley","Kelvin","Ken","Kendall","Kendrick","Kennard","Kennedy","Kenneth","Kennith","Kent","Kenton","Kenyon","Kenzie","Kermit","Kerry","Kevin","Kim","Kimball","King","Kip","Kirby","Kirk","Kit","Knox","Korey","Kris","Kurtis","Kyle","Lamar","Lambert","Lamont","Lance","Landon","Lane","Lanny","Larkin","Larry","Laurence","Laurie","Lavern","Lawrence","Lawson","Layne","Layton","Laz","Leland","Lenard","Lenny","Leo","Leon","Leonard","Leopold","Leroy","Les","Lesley","Lester","Levi","Lewis","Lex","Lincoln","Linden","Lindsey","Lindey","Linton","Linwood","Lloyd","Lockie","Logan","Lon","Lonnie","Lorin","Lou","Louis","Lovel","Lowell","Lucas","Lucian","Lucian","Lucky","Luke","Luther","Lyle","Lyndon","Lynn","Lynwood","Mackenzie","Madison","Major","Malachi","Malcolm","Malcom","Manley","Manny","Manuel","Marcus","Maria","Marion","Mark","Marlin","Marlon","Marlyn","Marshal","Martie","Martin","Marvis","Mason","Mat","Mathew","Maty","Maurice","Maverick","Max","Maximillian","Maxwell","Maynard","Mel","Melville","Melvin","Meredith","Merle","Merlin","Merill","Meritt","Merton","Merv","Mervin","Michael","Mike","Milburn","Miles","Milford","Millard","Milo","Milton","Mitch","Mitchell","Mo","Monroe","Monte","Montgomery","Monty","Morgan","Moris","Mortimer","Morton","Morty","Moses","Murphy","Murray","Myles","Myron","Nate","Nathan","Nathaniel","Neal","Ned","Nelly","Neil","Nelson","Newt","Newton","Nic","Nicholas","Nick","Nigel","Niles","Noah","Noble","Noel","Nolan","Norbert","Norm","Norman","Normand","Norris","Norwood","Ogden","Oli","Oliver","Ollie","Ora","Orson","Orval","Orville","Oscar","Oswald","Otis","Otto","Owen","Oz","Ozzie","Palmer","Parker","Pat","Patrick","Paul","Pearl","Perce","Percival","Percy","Perry","Pete","Peter","Peyton","Phil","Philip","Phillip","Pierce","Piers","Pip","Porter","Presley","Preston","Prince","Prosper","Quincy","Quinn","Quinten","Quinton","Raleigh","Ralph","Ralphie","Ramsey","Randal","Randall","Randel","Randolf","Randolph","Raphael","Raven","Ray","Raymond","Raynard","Reagan","Red","Reeg","Reg","Reggie","Regiland","Reid","Reuben","Rex","Reynold","Ret","Rian","Richard","Richie","Rick","Riley","Ritchie","Rob","Robert","Robin","Rocky","Rod","Rossy","Roderick","Rodge","Rodger","Rodney","Roger","Roland","Rolf","Rolland","Rollo","Roly","Rony","Roosevelt","Roscoe","Ross","Roswell","Rowland","Rowley","Roy","Royal","Royce","Rube","Rudolph","Rudy","Rufus","Rupert","Russ","Russell","Rusty","Ryan","Sal","Sammie","Sampson","Samson","Samuel","Sandy","Sanford","Schuyler","Scot","Scott","Scotty","Sean","Sebastian","Seward","Seymour","Shad","Shaun","Shawn","Shayne","Shel","Shelby","Sheldon","Shelley","Shelton","Sheridan","Sherman","Sherwood","Shirley","Sid","Sidney","Sigmund","Silas","Silvester","Simon","Sly","Smith","Solomon","Sonny","Spencer","Stacey","Stafford","Stan","Stanford","Ste","Steph","Stephen","Sterling","Steve","Steven","Stevie","Stew","Stewart","Stu","Stuart","Sullivan","Syd","Sydney","Sylvester","Tanner","Tate","Taylor","Ted","Teddy","Tel","Terance","Terence","Terrance","Terrell","Terry","Tex","Thad","Thaddeus","Theo","Theodore","Thom","Thomas","Thornton","Tibby","Tim","Timmy","Timothy","Titus","Tobias","Tobin","Toby","Tod","Todd","Tom","Tommy","Tony","Topher","Trace","Tracey","Travis","Trent","Trenton","Trev","Trevor","Tristan","Tristram","Troy","Truman","Ty","Tye","Tyler","Tyron","Tyrone","Tyson","Ulysses","Val","Valentine","Van","Vance","Vaughn","Vere","Vergil","Vern","Vernon","Vic","Victor","Vin","Vince","Vincent","Vinnie","Virgil","Vivian","Wade","Walder","Walker","Wallace","Wally","Walt","Walter","Walton","Ward","Wardell","Warner","Warren","Washington","Wat","Wayland","Wayne","Webster","Weldon","Wendell","Wesley","Westley","Weston","Whitney","Wil","Wilbur","Wiley","Wilf","Wilford","Wildred","Wilfrid","Wilkie","Will","Willard","William","Willie","Willis","Willy","Wilmer","Wilson","Wilton","Winfred","Winifred","Winny","Winston","Winthrop","Winton","Woodrow","Woody","Wright","Wyatt","Xavier","Yancy","York","Zach","Zachariah","Zachary","Zack","Zackary","Zak","Zane","Zed","Zeke","Zeph"
